"CD","NM","GUBUN","FIRST_1Y","FIRST_1Y_MOL","FIRST_1Y_DEN","FIRST_3Y","FIRST_3Y_MOL","FIRST_3Y_DEN","FIRST_5Y","FIRST_5Y_MOL","FIRST_5Y_DEN","SECOND_1Y","SECOND_1Y_MOL","SECOND_1Y_DEN","SECOND_3Y","SECOND_3Y_MOL","SECOND_3Y_DEN","SECOND_5Y","SECOND_5Y_MOL","SECOND_5Y_DEN","THIRD_1Y","THIRD_1Y_MOL","THIRD_1Y_DEN","THIRD_3Y","THIRD_3Y_MOL","THIRD_3Y_DEN","THIRD_5Y","THIRD_5Y_MOL","THIRD_5Y_DEN"
"11","서울시 전체","si","84.1","993","1181","54.6","645","1181","35","413","1181","80.8","988","1223","54.9","672","1223","38.5","471","1223","85.9","1618","1883","58.3","1098","1883","42.3","796","1883"
"11110","종로구","gu","80","32","40","55","22","40","42.5","17","40","67.5","27","40","40","16","40","22.5","9","40","77.6","52","67","56.7","38","67","46.3","31","67"
"11110515","청운효자동","dong","0","0","0","0","0","0","0","0","0","100","1","1","100","1","1","100","1","1","0","0","1","0","0","1","0","0","1"
"11110530","사직동","dong","71.4","5","7","57.1","4","7","57.1","4","7","100","2","2","50","1","2","50","1","2","100","4","4","100","4","4","100","4","4"
"11110540","삼청동","dong","100","4","4","50","2","4","50","2","4","0","0","0","0","0","0","0","0","0","100","2","2","50","1","2","50","1","2"
"11110550","부암동","dong","0","0","0","0","0","0","0","0","0","100","1","1","100","1","1","100","1","1","100","2","2","50","1","2","50","1","2"
"11110560","평창동","dong","50","1","2","50","1","2","50","1","2","0","0","1","0","0","1","0","0","1","100","3","3","66.7","2","3","33.3","1","3"
"11110570","무악동","dong","0","0","0","0","0","0","0","0","0","0","0","0","0","0","0","0","0","0","100","1","1","100","1","1","100","1","1"
"11110580","교남동","dong","100","3","3","100","3","3","33.3","1","3","0","0","0","0","0","0","0","0","0","0","0","0","0","0","0","0","0","0"
"11110600","가회동","dong","0","0","2","0","0","2","0","0","2","0","0","0","0","0","0","0","0","0","100","2","2","100","2","2","100","2","2"
"11110615","종로1.2.3.4가동","dong","88.9","8","9","44.4","4","9","33.3","3","9","61.1","11","18","22.2","4","18","11.1","2","18","67.9","19","28","53.6","15","28","42.9","12","28"
"11110630","종로5.6가동","dong","100","4","4","25","1","4","25","1","4","100","1","1","100","1","1","0","0","1","75","3","4","50","2","4","25","1","4"
"11110640","이화동","dong","100","2","2","100","2","2","50","1","2","50","1","2","50","1","2","0","0","2","50","2","4","25","1","4","25","1","4"
"11110650","혜화동","dong","66.7","2","3","66.7","2","3","33.3","1","3","50","3","6","50","3","6","0","0","6","87.5","7","8","50","4","8","50","4","8"
"11110670","창신1동","dong","0","0","0","0","0","0","0","0","0","100","1","1","0","0","1","0","0","1","100","1","1","100","1","1","0","0","1"
"11110680","창신2동","dong","0","0","0","0","0","0","0","0","0","100","1","1","100","1","1","100","1","1","0","0","0","0","0","0","0","0","0"
"11110690","창신3동","dong","0","0","0","0","0","0","0","0","0","100","1","1","100","1","1","100","1","1","0","0","0","0","0","0","0","0","0"
"11110700","숭인1동","dong","0","0","0","0","0","0","0","0","0","100","1","1","100","1","1","100","1","1","100","2","2","0","0","2","0","0","2"
"11110710","숭인2동","dong","75","3","4","75","3","4","75","3","4","75","3","4","25","1","4","25","1","4","80","4","5","80","4","5","60","3","5"
"11140","중구","gu","86","37","43","51.2","22","43","30.2","13","43","77.1","37","48","52.1","25","48","39.6","19","48","83.1","74","89","62.9","56","89","52.8","47","89"
"11140520","소공동","dong","25","1","4","0","0","4","0","0","4","71.4","5","7","57.1","4","7","28.6","2","7","92.3","12","13","76.9","10","13","76.9","10","13"
"11140540","회현동","dong","83.3","5","6","50","3","6","50","3","6","83.3","5","6","83.3","5","6","83.3","5","6","71.4","5","7","57.1","4","7","57.1","4","7"
"11140550","명동","dong","100","6","6","50","3","6","33.3","2","6","88.9","8","9","33.3","3","9","22.2","2","9","77.8","21","27","66.7","18","27","59.3","16","27"
"11140570","필동","dong","100","4","4","50","2","4","25","1","4","0","0","0","0","0","0","0","0","0","77.8","7","9","44.4","4","9","33.3","3","9"
"11140580","장충동","dong","0","0","0","0","0","0","0","0","0","100","1","1","0","0","1","0","0","1","80","4","5","80","4","5","20","1","5"
"11140590","광희동","dong","100","3","3","66.7","2","3","66.7","2","3","70","7","10","60","6","10","50","5","10","100","7","7","57.1","4","7","57.1","4","7"
"11140605","을지로동","dong","71.4","5","7","42.9","3","7","14.3","1","7","75","3","4","25","1","4","25","1","4","100","3","3","66.7","2","3","66.7","2","3"
"11140615","신당동","dong","100","6","6","50","3","6","16.7","1","6","50","3","6","50","3","6","33.3","2","6","85.7","6","7","42.9","3","7","14.3","1","7"
"11140625","다산동","dong","100","2","2","100","2","2","50","1","2","0","0","0","0","0","0","0","0","0","100","2","2","100","2","2","100","2","2"
"11140635","약수동","dong","0","0","0","0","0","0","0","0","0","0","0","0","0","0","0","0","0","0","100","1","1","100","1","1","100","1","1"
"11140645","청구동","dong","100","2","2","100","2","2","100","2","2","0","0","0","0","0","0","0","0","0","66.7","2","3","33.3","1","3","33.3","1","3"
"11140650","신당5동","dong","0","0","0","0","0","0","0","0","0","100","2","2","100","2","2","50","1","2","0","0","0","0","0","0","0","0","0"
"11140665","동화동","dong","0","0","0","0","0","0","0","0","0","100","1","1","0","0","1","0","0","1","100","2","2","50","1","2","50","1","2"
"11140670","황학동","dong","100","1","1","100","1","1","0","0","1","100","1","1","100","1","1","100","1","1","50","1","2","50","1","2","50","1","2"
"11140680","중림동","dong","100","2","2","50","1","2","0","0","2","100","1","1","0","0","1","0","0","1","100","1","1","100","1","1","0","0","1"
"11170","용산구","gu","100","27","27","85.2","23","27","55.6","15","27","86.4","38","44","70.5","31","44","59.1","26","44","75","33","44","50","22","44","43.2","19","44"
"11170510","후암동","dong","0","0","0","0","0","0","0","0","0","80","4","5","60","3","5","60","3","5","100","4","4","75","3","4","75","3","4"
"11170520","용산2가동","dong","100","1","1","100","1","1","100","1","1","0","0","0","0","0","0","0","0","0","0","0","1","0","0","1","0","0","1"
"11170530","남영동","dong","100","3","3","66.7","2","3","33.3","1","3","100","6","6","100","6","6","83.3","5","6","85.7","6","7","71.4","5","7","57.1","4","7"
"11170555","청파동","dong","100","2","2","100","2","2","100","2","2","0","0","0","0","0","0","0","0","0","100","4","4","75","3","4","50","2","4"
"11170560","원효로1동","dong","100","3","3","66.7","2","3","66.7","2","3","62.5","5","8","50","4","8","12.5","1","8","75","3","4","25","1","4","0","0","4"
"11170570","원효로2동","dong","100","5","5","100","5","5","60","3","5","100","2","2","100","2","2","100","2","2","100","2","2","50","1","2","50","1","2"
"11170580","효창동","dong","0","0","0","0","0","0","0","0","0","100","3","3","66.7","2","3","66.7","2","3","0","0","0","0","0","0","0","0","0"
"11170590","용문동","dong","100","1","1","100","1","1","100","1","1","0","0","0","0","0","0","0","0","0","100","1","1","0","0","1","0","0","1"
"11170625","한강로동","dong","100","4","4","100","4","4","75","3","4","100","7","7","71.4","5","7","57.1","4","7","60","3","5","40","2","5","40","2","5"
"11170630","이촌1동","dong","100","1","1","100","1","1","0","0","1","100","3","3","66.7","2","3","66.7","2","3","0","0","0","0","0","0","0","0","0"
"11170640","이촌2동","dong","100","1","1","100","1","1","100","1","1","50","1","2","50","1","2","50","1","2","0","0","1","0","0","1","0","0","1"
"11170650","이태원1동","dong","100","2","2","0","0","2","0","0","2","50","1","2","50","1","2","50","1","2","50","3","6","50","3","6","50","3","6"
"11170660","이태원2동","dong","100","1","1","100","1","1","0","0","1","100","2","2","100","2","2","100","2","2","100","3","3","33.3","1","3","33.3","1","3"
"11170685","한남동","dong","100","1","1","100","1","1","0","0","1","100","2","2","50","1","2","50","1","2","100","3","3","66.7","2","3","66.7","2","3"
"11170690","서빙고동","dong","100","1","1","100","1","1","100","1","1","100","1","1","100","1","1","100","1","1","0","0","1","0","0","1","0","0","1"
"11170700","보광동","dong","100","1","1","100","1","1","0","0","1","100","1","1","100","1","1","100","1","1","50","1","2","50","1","2","50","1","2"
"11200","성동구","gu","84.6","33","39","61.5","24","39","38.5","15","39","82.2","37","45","60","27","45","40","18","45","96.5","55","57","50.9","29","57","33.3","19","57"
"11200520","왕십리2동","dong","0","0","0","0","0","0","0","0","0","0","0","1","0","0","1","0","0","1","100","2","2","100","2","2","50","1","2"
"11200535","왕십리도선동","dong","100","3","3","66.7","2","3","66.7","2","3","50","1","2","50","1","2","0","0","2","100","6","6","83.3","5","6","50","3","6"
"11200540","마장동","dong","0","0","0","0","0","0","0","0","0","100","2","2","100","2","2","100","2","2","0","0","1","0","0","1","0","0","1"
"11200550","사근동","dong","90","9","10","50","5","10","20","2","10","75","3","4","50","2","4","50","2","4","100","9","9","44.4","4","9","0","0","9"
"11200560","행당1동","dong","100","3","3","33.3","1","3","0","0","3","50","2","4","50","2","4","25","1","4","100","3","3","33.3","1","3","33.3","1","3"
"11200570","행당2동","dong","100","1","1","100","1","1","100","1","1","100","1","1","100","1","1","100","1","1","100","2","2","0","0","2","0","0","2"
"11200580","응봉동","dong","0","0","0","0","0","0","0","0","0","0","0","0","0","0","0","0","0","0","100","1","1","0","0","1","0","0","1"
"11200590","금호1가동","dong","0","0","0","0","0","0","0","0","0","100","1","1","100","1","1","100","1","1","100","3","3","66.7","2","3","66.7","2","3"
"11200615","금호2.3가동","dong","80","4","5","60","3","5","40","2","5","0","0","0","0","0","0","0","0","0","0","0","0","0","0","0","0","0","0"
"11200620","금호4가동","dong","0","0","0","0","0","0","0","0","0","100","2","2","100","2","2","50","1","2","100","1","1","0","0","1","0","0","1"
"11200645","옥수동","dong","0","0","0","0","0","0","0","0","0","100","3","3","66.7","2","3","0","0","3","100","5","5","60","3","5","40","2","5"
"11200650","성수1가1동","dong","50","1","2","50","1","2","50","1","2","0","0","0","0","0","0","0","0","0","100","2","2","50","1","2","50","1","2"
"11200660","성수1가2동","dong","80","4","5","80","4","5","60","3","5","83.3","5","6","16.7","1","6","16.7","1","6","100","4","4","25","1","4","25","1","4"
"11200670","성수2가1동","dong","100","2","2","100","2","2","100","2","2","75","3","4","50","2","4","25","1","4","100","4","4","50","2","4","25","1","4"
"11200690","성수2가3동","dong","85.7","6","7","71.4","5","7","28.6","2","7","100","9","9","66.7","6","9","44.4","4","9","87.5","7","8","50","4","8","50","4","8"
"11200720","송정동","dong","0","0","0","0","0","0","0","0","0","100","1","1","100","1","1","100","1","1","100","2","2","100","2","2","50","1","2"
"11200790","용답동","dong","0","0","1","0","0","1","0","0","1","80","4","5","80","4","5","60","3","5","100","4","4","50","2","4","50","2","4"
"11215","광진구","gu","90.9","40","44","56.8","25","44","36.4","16","44","89.7","35","39","46.2","18","39","30.8","12","39","90.9","60","66","62.1","41","66","48.5","32","66"
"11215710","화양동","dong","100","3","3","66.7","2","3","66.7","2","3","100","7","7","71.4","5","7","57.1","4","7","85.7","6","7","57.1","4","7","42.9","3","7"
"11215730","군자동","dong","100","3","3","100","3","3","66.7","2","3","66.7","2","3","0","0","3","0","0","3","70","7","10","50","5","10","40","4","10"
"11215740","중곡1동","dong","50","1","2","0","0","2","0","0","2","100","1","1","0","0","1","0","0","1","100","4","4","100","4","4","100","4","4"
"11215750","중곡2동","dong","80","4","5","40","2","5","40","2","5","100","2","2","0","0","2","0","0","2","100","6","6","66.7","4","6","66.7","4","6"
"11215760","중곡3동","dong","100","1","1","100","1","1","0","0","1","100","1","1","100","1","1","100","1","1","100","2","2","100","2","2","50","1","2"
"11215770","중곡4동","dong","100","1","1","100","1","1","0","0","1","100","1","1","100","1","1","0","0","1","100","1","1","0","0","1","0","0","1"
"11215780","능동","dong","100","2","2","100","2","2","0","0","2","50","1","2","50","1","2","0","0","2","100","2","2","100","2","2","50","1","2"
"11215810","광장동","dong","100","4","4","75","3","4","50","2","4","100","3","3","66.7","2","3","66.7","2","3","100","3","3","33.3","1","3","33.3","1","3"
"11215820","자양1동","dong","100","5","5","60","3","5","40","2","5","100","4","4","75","3","4","50","2","4","66.7","2","3","33.3","1","3","0","0","3"
"11215830","자양2동","dong","100","2","2","50","1","2","0","0","2","100","2","2","50","1","2","0","0","2","100","3","3","100","3","3","33.3","1","3"
"11215840","자양3동","dong","100","4","4","100","4","4","75","3","4","100","2","2","50","1","2","0","0","2","100","7","7","71.4","5","7","71.4","5","7"
"11215847","자양4동","dong","75","3","4","25","1","4","25","1","4","100","3","3","66.7","2","3","66.7","2","3","100","5","5","100","5","5","80","4","5"
"11215850","구의1동","dong","66.7","2","3","33.3","1","3","33.3","1","3","75","3","4","25","1","4","25","1","4","87.5","7","8","25","2","8","12.5","1","8"
"11215860","구의2동","dong","100","3","3","33.3","1","3","33.3","1","3","100","1","1","0","0","1","0","0","1","100","2","2","50","1","2","50","1","2"
"11215870","구의3동","dong","100","2","2","0","0","2","0","0","2","66.7","2","3","0","0","3","0","0","3","100","3","3","66.7","2","3","66.7","2","3"
"11230","동대문구","gu","84","42","50","48","24","50","20","10","50","83.1","49","59","61","36","59","35.6","21","59","83.1","69","83","61.4","51","83","45.8","38","83"
"11230536","용신동","dong","88.9","8","9","66.7","6","9","11.1","1","9","72.7","8","11","54.5","6","11","9.1","1","11","83.3","10","12","50","6","12","41.7","5","12"
"11230545","제기동","dong","66.7","2","3","66.7","2","3","33.3","1","3","100","3","3","100","3","3","100","3","3","100","5","5","100","5","5","100","5","5"
"11230560","전농1동","dong","100","5","5","80","4","5","40","2","5","33.3","1","3","33.3","1","3","0","0","3","50","3","6","50","3","6","33.3","2","6"
"11230570","전농2동","dong","100","1","1","0","0","1","0","0","1","66.7","2","3","33.3","1","3","0","0","3","100","3","3","33.3","1","3","0","0","3"
"11230600","답십리1동","dong","50","1","2","50","1","2","0","0","2","80","4","5","60","3","5","40","2","5","71.4","5","7","57.1","4","7","57.1","4","7"
"11230610","답십리2동","dong","75","3","4","25","1","4","25","1","4","66.7","2","3","66.7","2","3","66.7","2","3","100","5","5","80","4","5","40","2","5"
"11230650","장안1동","dong","85.7","6","7","42.9","3","7","14.3","1","7","90.9","10","11","45.5","5","11","27.3","3","11","87.5","14","16","56.3","9","16","37.5","6","16"
"11230660","장안2동","dong","100","4","4","75","3","4","50","2","4","100","2","2","100","2","2","100","2","2","100","6","6","66.7","4","6","50","3","6"
"11230705","청량리동","dong","100","2","2","0","0","2","0","0","2","0","0","0","0","0","0","0","0","0","71.4","5","7","71.4","5","7","71.4","5","7"
"11230710","회기동","dong","100","4","4","25","1","4","25","1","4","100","3","3","100","3","3","0","0","3","75","3","4","50","2","4","25","1","4"
"11230720","휘경1동","dong","0","0","1","0","0","1","0","0","1","100","6","6","50","3","6","33.3","2","6","100","2","2","50","1","2","0","0","2"
"11230730","휘경2동","dong","66.7","2","3","66.7","2","3","33.3","1","3","100","3","3","100","3","3","100","3","3","0","0","1","0","0","1","0","0","1"
"11230740","이문1동","dong","75","3","4","25","1","4","0","0","4","80","4","5","60","3","5","40","2","5","75","3","4","75","3","4","25","1","4"
"11230750","이문2동","dong","100","1","1","0","0","1","0","0","1","100","1","1","100","1","1","100","1","1","100","5","5","80","4","5","80","4","5"
"11260","중랑구","gu","96.8","30","31","54.8","17","31","41.9","13","31","93.5","29","31","74.2","23","31","54.8","17","31","92.1","58","63","63.5","40","63","47.6","30","63"
"11260520","면목2동","dong","100","2","2","0","0","2","0","0","2","50","1","2","50","1","2","50","1","2","72.7","8","11","36.4","4","11","27.3","3","11"
"11260540","면목4동","dong","100","2","2","50","1","2","50","1","2","100","1","1","100","1","1","100","1","1","100","4","4","25","1","4","25","1","4"
"11260550","면목5동","dong","0","0","0","0","0","0","0","0","0","0","0","0","0","0","0","0","0","0","100","2","2","50","1","2","0","0","2"
"11260565","면목본동","dong","100","2","2","50","1","2","50","1","2","100","5","5","100","5","5","80","4","5","100","6","6","50","3","6","33.3","2","6"
"11260570","면목7동","dong","100","1","1","100","1","1","100","1","1","100","3","3","100","3","3","66.7","2","3","100","4","4","75","3","4","75","3","4"
"11260575","면목3.8동","dong","100","4","4","50","2","4","25","1","4","100","4","4","75","3","4","75","3","4","75","3","4","50","2","4","25","1","4"
"11260580","상봉1동","dong","100","4","4","75","3","4","75","3","4","100","4","4","50","2","4","50","2","4","100","1","1","100","1","1","100","1","1"
"11260590","상봉2동","dong","80","4","5","40","2","5","40","2","5","100","2","2","100","2","2","0","0","2","100","4","4","100","4","4","100","4","4"
"11260600","중화1동","dong","100","1","1","100","1","1","100","1","1","0","0","0","0","0","0","0","0","0","100","5","5","100","5","5","60","3","5"
"11260610","중화2동","dong","100","1","1","0","0","1","0","0","1","100","1","1","100","1","1","100","1","1","75","3","4","50","2","4","50","2","4"
"11260620","묵1동","dong","100","3","3","66.7","2","3","33.3","1","3","100","2","2","50","1","2","0","0","2","100","4","4","75","3","4","50","2","4"
"11260630","묵2동","dong","100","2","2","50","1","2","0","0","2","100","2","2","50","1","2","50","1","2","100","4","4","75","3","4","50","2","4"
"11260655","망우본동","dong","100","1","1","100","1","1","100","1","1","100","2","2","50","1","2","0","0","2","100","3","3","66.7","2","3","33.3","1","3"
"11260660","망우3동","dong","0","0","0","0","0","0","0","0","0","50","1","2","50","1","2","50","1","2","100","2","2","50","1","2","50","1","2"
"11260680","신내1동","dong","100","2","2","50","1","2","0","0","2","100","1","1","100","1","1","100","1","1","100","4","4","100","4","4","75","3","4"
"11260690","신내2동","dong","100","1","1","100","1","1","100","1","1","0","0","0","0","0","0","0","0","0","100","1","1","100","1","1","100","1","1"
"11290","성북구","gu","80","36","45","42.2","19","45","31.1","14","45","83.8","31","37","54.1","20","37","40.5","15","37","92.8","64","69","68.1","47","69","47.8","33","69"
"11290525","성북동","dong","100","1","1","0","0","1","0","0","1","0","0","0","0","0","0","0","0","0","100","2","2","50","1","2","50","1","2"
"11290555","삼선동","dong","60","3","5","40","2","5","20","1","5","100","4","4","75","3","4","50","2","4","100","6","6","66.7","4","6","50","3","6"
"11290575","동선동","dong","75","3","4","25","1","4","25","1","4","80","4","5","40","2","5","20","1","5","91.7","11","12","75","9","12","58.3","7","12"
"11290580","돈암1동","dong","0","0","1","0","0","1","0","0","1","0","0","0","0","0","0","0","0","0","100","1","1","0","0","1","0","0","1"
"11290590","돈암2동","dong","0","0","0","0","0","0","0","0","0","0","0","0","0","0","0","0","0","0","0","0","0","0","0","0","0","0","0"
"11290600","안암동","dong","100","5","5","0","0","5","0","0","5","71.4","5","7","42.9","3","7","28.6","2","7","92.9","13","14","78.6","11","14","42.9","6","14"
"11290610","보문동","dong","100","1","1","100","1","1","100","1","1","100","1","1","100","1","1","100","1","1","100","4","4","75","3","4","75","3","4"
"11290620","정릉1동","dong","100","2","2","100","2","2","100","2","2","0","0","0","0","0","0","0","0","0","100","2","2","100","2","2","50","1","2"
"11290630","정릉2동","dong","50","1","2","0","0","2","0","0","2","100","1","1","0","0","1","0","0","1","100","4","4","75","3","4","50","2","4"
"11290640","정릉3동","dong","100","1","1","100","1","1","0","0","1","100","1","1","0","0","1","0","0","1","100","3","3","66.7","2","3","66.7","2","3"
"11290650","정릉4동","dong","50","2","4","25","1","4","25","1","4","66.7","2","3","66.7","2","3","66.7","2","3","100","3","3","66.7","2","3","33.3","1","3"
"11290660","길음1동","dong","100","1","1","100","1","1","0","0","1","0","0","0","0","0","0","0","0","0","0","0","1","0","0","1","0","0","1"
"11290685","길음2동","dong","0","0","0","0","0","0","0","0","0","100","1","1","100","1","1","0","0","1","100","1","1","100","1","1","100","1","1"
"11290705","종암동","dong","100","3","3","66.7","2","3","33.3","1","3","100","2","2","100","2","2","50","1","2","80","4","5","80","4","5","40","2","5"
"11290715","월곡1동","dong","80","4","5","80","4","5","60","3","5","75","3","4","25","1","4","25","1","4","75","3","4","75","3","4","50","2","4"
"11290725","월곡2동","dong","75","3","4","0","0","4","0","0","4","66.7","2","3","33.3","1","3","33.3","1","3","100","4","4","50","2","4","50","2","4"
"11290760","장위1동","dong","100","1","1","100","1","1","100","1","1","100","1","1","100","1","1","100","1","1","0","0","0","0","0","0","0","0","0"
"11290770","장위2동","dong","100","4","4","50","2","4","50","2","4","0","0","0","0","0","0","0","0","0","100","2","2","0","0","2","0","0","2"
"11290780","장위3동","dong","0","0","0","0","0","0","0","0","0","0","0","0","0","0","0","0","0","0","0","0","0","0","0","0","0","0","0"
"11290810","석관동","dong","100","1","1","100","1","1","100","1","1","100","4","4","75","3","4","75","3","4","100","1","1","0","0","1","0","0","1"
"11305","강북구","gu","91.3","21","23","65.2","15","23","34.8","8","23","83.3","20","24","54.2","13","24","45.8","11","24","92.3","48","52","57.7","30","52","36.5","19","52"
"11305534","삼양동","dong","100","1","1","100","1","1","0","0","1","50","1","2","50","1","2","50","1","2","100","1","1","0","0","1","0","0","1"
"11305535","미아동","dong","75","3","4","75","3","4","25","1","4","100","2","2","100","2","2","50","1","2","85.7","6","7","57.1","4","7","42.9","3","7"
"11305545","송중동","dong","100","4","4","75","3","4","25","1","4","100","1","1","0","0","1","0","0","1","66.7","6","9","33.3","3","9","22.2","2","9"
"11305555","송천동","dong","66.7","2","3","0","0","3","0","0","3","100","4","4","50","2","4","50","2","4","100","3","3","100","3","3","66.7","2","3"
"11305575","삼각산동","dong","0","0","0","0","0","0","0","0","0","0","0","0","0","0","0","0","0","0","100","3","3","66.7","2","3","66.7","2","3"
"11305590","번1동","dong","100","1","1","100","1","1","100","1","1","100","3","3","66.7","2","3","66.7","2","3","100","5","5","40","2","5","20","1","5"
"11305600","번2동","dong","0","0","0","0","0","0","0","0","0","100","1","1","100","1","1","100","1","1","100","1","1","100","1","1","100","1","1"
"11305606","번3동","dong","100","1","1","100","1","1","100","1","1","50","1","2","50","1","2","50","1","2","100","3","3","33.3","1","3","33.3","1","3"
"11305610","수유1동","dong","100","3","3","100","3","3","33.3","1","3","66.7","2","3","33.3","1","3","0","0","3","100","2","2","0","0","2","0","0","2"
"11305620","수유2동","dong","100","1","1","100","1","1","100","1","1","0","0","1","0","0","1","0","0","1","100","5","5","80","4","5","40","2","5"
"11305630","수유3동","dong","100","1","1","100","1","1","100","1","1","100","3","3","66.7","2","3","66.7","2","3","100","3","3","66.7","2","3","66.7","2","3"
"11305645","우이동","dong","100","1","1","0","0","1","0","0","1","100","1","1","0","0","1","0","0","1","100","4","4","100","4","4","50","2","4"
"11305660","인수동","dong","100","3","3","33.3","1","3","33.3","1","3","100","1","1","100","1","1","100","1","1","100","6","6","66.7","4","6","16.7","1","6"
"11320","도봉구","gu","81.8","18","22","45.5","10","22","27.3","6","22","95.7","22","23","56.5","13","23","39.1","9","23","94.4","34","36","66.7","24","36","52.8","19","36"
"11320511","창1동","dong","0","0","0","0","0","0","0","0","0","100","1","1","100","1","1","0","0","1","100","1","1","0","0","1","0","0","1"
"11320512","창2동","dong","0","0","1","0","0","1","0","0","1","100","2","2","0","0","2","0","0","2","100","2","2","100","2","2","100","2","2"
"11320513","창3동","dong","100","1","1","0","0","1","0","0","1","100","3","3","66.7","2","3","66.7","2","3","66.7","2","3","66.7","2","3","66.7","2","3"
"11320514","창4동","dong","100","3","3","100","3","3","66.7","2","3","50","1","2","0","0","2","0","0","2","100","4","4","50","2","4","25","1","4"
"11320515","창5동","dong","100","2","2","0","0","2","0","0","2","100","2","2","100","2","2","100","2","2","0","0","1","0","0","1","0","0","1"
"11320521","도봉1동","dong","100","2","2","50","1","2","0","0","2","100","1","1","0","0","1","0","0","1","100","4","4","100","4","4","75","3","4"
"11320522","도봉2동","dong","33.3","1","3","33.3","1","3","33.3","1","3","100","2","2","0","0","2","0","0","2","0","0","0","0","0","0","0","0","0"
"11320660","쌍문1동","dong","0","0","0","0","0","0","0","0","0","100","3","3","66.7","2","3","66.7","2","3","100","1","1","100","1","1","0","0","1"
"11320670","쌍문2동","dong","100","1","1","100","1","1","100","1","1","0","0","0","0","0","0","0","0","0","100","6","6","50","3","6","33.3","2","6"
"11320680","쌍문3동","dong","100","1","1","0","0","1","0","0","1","100","2","2","100","2","2","50","1","2","100","4","4","75","3","4","75","3","4"
"11320681","쌍문4동","dong","100","1","1","0","0","1","0","0","1","0","0","0","0","0","0","0","0","0","100","2","2","100","2","2","50","1","2"
"11320690","방학1동","dong","80","4","5","80","4","5","40","2","5","100","2","2","100","2","2","0","0","2","100","3","3","100","3","3","100","3","3"
"11320700","방학2동","dong","0","0","0","0","0","0","0","0","0","100","3","3","66.7","2","3","66.7","2","3","100","2","2","50","1","2","50","1","2"
"11320710","방학3동","dong","100","2","2","0","0","2","0","0","2","0","0","0","0","0","0","0","0","0","100","3","3","33.3","1","3","33.3","1","3"
"11350","노원구","gu","88.9","40","45","48.9","22","45","31.1","14","45","80","28","35","54.3","19","35","45.7","16","35","91.4","53","58","55.2","32","58","36.2","21","58"
"11350560","월계1동","dong","100","7","7","42.9","3","7","14.3","1","7","100","1","1","100","1","1","100","1","1","100","4","4","75","3","4","25","1","4"
"11350570","월계2동","dong","0","0","1","0","0","1","0","0","1","100","1","1","100","1","1","100","1","1","100","2","2","100","2","2","100","2","2"
"11350580","월계3동","dong","0","0","0","0","0","0","0","0","0","100","1","1","100","1","1","100","1","1","100","2","2","100","2","2","50","1","2"
"11350595","공릉1동","dong","100","10","10","60","6","10","50","5","10","100","4","4","75","3","4","75","3","4","80","8","10","30","3","10","20","2","10"
"11350600","공릉2동","dong","100","4","4","75","3","4","50","2","4","75","3","4","50","2","4","50","2","4","100","9","9","55.6","5","9","22.2","2","9"
"11350611","하계1동","dong","50","1","2","50","1","2","50","1","2","100","1","1","100","1","1","0","0","1","100","6","6","83.3","5","6","66.7","4","6"
"11350612","하계2동","dong","0","0","0","0","0","0","0","0","0","100","1","1","100","1","1","0","0","1","0","0","0","0","0","0","0","0","0"
"11350619","중계본동","dong","100","1","1","0","0","1","0","0","1","100","3","3","66.7","2","3","66.7","2","3","50","1","2","0","0","2","0","0","2"
"11350621","중계1동","dong","66.7","2","3","33.3","1","3","33.3","1","3","66.7","2","3","33.3","1","3","33.3","1","3","100","3","3","66.7","2","3","0","0","3"
"11350624","중계4동","dong","50","1","2","50","1","2","50","1","2","100","1","1","0","0","1","0","0","1","100","1","1","100","1","1","100","1","1"
"11350625","중계2.3동","dong","100","1","1","100","1","1","0","0","1","0","0","0","0","0","0","0","0","0","0","0","0","0","0","0","0","0","0"
"11350630","상계1동","dong","100","2","2","50","1","2","0","0","2","100","2","2","50","1","2","50","1","2","66.7","2","3","66.7","2","3","66.7","2","3"
"11350640","상계2동","dong","66.7","2","3","33.3","1","3","33.3","1","3","66.7","2","3","66.7","2","3","33.3","1","3","100","2","2","0","0","2","0","0","2"
"11350665","상계3.4동","dong","100","1","1","0","0","1","0","0","1","100","1","1","100","1","1","100","1","1","0","0","0","0","0","0","0","0","0"
"11350670","상계5동","dong","100","1","1","0","0","1","0","0","1","66.7","2","3","66.7","2","3","66.7","2","3","100","3","3","33.3","1","3","33.3","1","3"
"11350695","상계6.7동","dong","100","4","4","50","2","4","25","1","4","50","2","4","0","0","4","0","0","4","83.3","5","6","33.3","2","6","33.3","2","6"
"11350700","상계8동","dong","100","1","1","100","1","1","100","1","1","100","1","1","0","0","1","0","0","1","0","0","0","0","0","0","0","0","0"
"11350710","상계9동","dong","0","0","0","0","0","0","0","0","0","0","0","0","0","0","0","0","0","0","100","2","2","100","2","2","50","1","2"
"11350720","상계10동","dong","100","2","2","50","1","2","0","0","2","0","0","1","0","0","1","0","0","1","100","3","3","66.7","2","3","66.7","2","3"
"11380","은평구","gu","92.7","38","41","68.3","28","41","34.1","14","41","83.3","30","36","55.6","20","36","47.2","17","36","90","54","60","63.3","38","60","43.3","26","60"
"11380510","녹번동","dong","100","2","2","100","2","2","50","1","2","50","1","2","50","1","2","50","1","2","100","2","2","50","1","2","0","0","2"
"11380520","불광1동","dong","100","1","1","100","1","1","0","0","1","100","1","1","100","1","1","0","0","1","100","4","4","75","3","4","75","3","4"
"11380530","불광2동","dong","66.7","2","3","66.7","2","3","33.3","1","3","100","4","4","50","2","4","50","2","4","100","6","6","66.7","4","6","33.3","2","6"
"11380551","갈현1동","dong","100","1","1","0","0","1","0","0","1","80","4","5","60","3","5","60","3","5","75","3","4","25","1","4","25","1","4"
"11380552","갈현2동","dong","100","6","6","83.3","5","6","33.3","2","6","100","3","3","66.7","2","3","66.7","2","3","71.4","5","7","57.1","4","7","57.1","4","7"
"11380560","구산동","dong","100","1","1","0","0","1","0","0","1","80","4","5","60","3","5","60","3","5","100","5","5","60","3","5","40","2","5"
"11380570","대조동","dong","100","4","4","75","3","4","50","2","4","50","2","4","25","1","4","0","0","4","100","8","8","87.5","7","8","62.5","5","8"
"11380580","응암1동","dong","0","0","0","0","0","0","0","0","0","100","4","4","100","4","4","75","3","4","66.7","2","3","33.3","1","3","0","0","3"
"11380590","응암2동","dong","0","0","0","0","0","0","0","0","0","0","0","0","0","0","0","0","0","0","0","0","0","0","0","0","0","0","0"
"11380600","응암3동","dong","75","3","4","50","2","4","25","1","4","100","1","1","100","1","1","100","1","1","100","1","1","100","1","1","100","1","1"
"11380625","역촌동","dong","100","6","6","66.7","4","6","50","3","6","100","3","3","33.3","1","3","33.3","1","3","100","6","6","50","3","6","33.3","2","6"
"11380631","신사1동","dong","100","2","2","50","1","2","0","0","2","0","0","0","0","0","0","0","0","0","100","2","2","50","1","2","50","1","2"
"11380632","신사2동","dong","100","2","2","100","2","2","100","2","2","100","1","1","0","0","1","0","0","1","0","0","0","0","0","0","0","0","0"
"11380640","증산동","dong","75","3","4","75","3","4","25","1","4","50","1","2","0","0","2","0","0","2","75","3","4","75","3","4","50","2","4"
"11380650","수색동","dong","0","0","0","0","0","0","0","0","0","0","0","0","0","0","0","0","0","0","0","0","0","0","0","0","0","0","0"
"11380690","진관동","dong","100","5","5","60","3","5","20","1","5","100","1","1","100","1","1","100","1","1","87.5","7","8","75","6","8","37.5","3","8"
"11410","서대문구","gu","76","19","25","56","14","25","36","9","25","83.8","31","37","64.9","24","37","37.8","14","37","79.4","54","68","55.9","38","68","44.1","30","68"
"11410520","천연동","dong","0","0","0","0","0","0","0","0","0","100","2","2","50","1","2","0","0","2","100","3","3","66.7","2","3","66.7","2","3"
"11410555","북아현동","dong","0","0","0","0","0","0","0","0","0","100","1","1","100","1","1","0","0","1","0","0","0","0","0","0","0","0","0"
"11410565","충현동","dong","75","3","4","75","3","4","75","3","4","100","2","2","50","1","2","50","1","2","100","2","2","100","2","2","100","2","2"
"11410585","신촌동","dong","60","3","5","40","2","5","20","1","5","72.7","8","11","63.6","7","11","27.3","3","11","81.5","22","27","48.1","13","27","33.3","9","27"
"11410615","연희동","dong","66.7","2","3","0","0","3","0","0","3","50","2","4","50","2","4","25","1","4","80","4","5","80","4","5","60","3","5"
"11410620","홍제1동","dong","100","2","2","50","1","2","0","0","2","100","4","4","75","3","4","25","1","4","0","0","2","0","0","2","0","0","2"
"11410640","홍제3동","dong","100","1","1","100","1","1","0","0","1","0","0","1","0","0","1","0","0","1","75","3","4","50","2","4","50","2","4"
"11410655","홍제2동","dong","100","1","1","100","1","1","100","1","1","0","0","0","0","0","0","0","0","0","100","1","1","100","1","1","100","1","1"
"11410660","홍은1동","dong","0","0","0","0","0","0","0","0","0","0","0","0","0","0","0","0","0","0","100","3","3","66.7","2","3","33.3","1","3"
"11410685","홍은2동","dong","100","3","3","100","3","3","66.7","2","3","100","4","4","50","2","4","50","2","4","75","3","4","50","2","4","50","2","4"
"11410690","남가좌1동","dong","0","0","0","0","0","0","0","0","0","0","0","0","0","0","0","0","0","0","60","3","5","40","2","5","40","2","5"
"11410700","남가좌2동","dong","0","0","1","0","0","1","0","0","1","100","2","2","50","1","2","0","0","2","75","3","4","50","2","4","50","2","4"
"11410710","북가좌1동","dong","100","2","2","50","1","2","0","0","2","100","1","1","100","1","1","100","1","1","83.3","5","6","83.3","5","6","50","3","6"
"11410720","북가좌2동","dong","66.7","2","3","66.7","2","3","66.7","2","3","100","5","5","100","5","5","100","5","5","100","2","2","50","1","2","50","1","2"
"11440","마포구","gu","85.1","40","47","57.4","27","47","40.4","19","47","79.7","55","69","47.8","33","69","27.5","19","69","83.7","87","104","57.7","60","104","47.1","49","104"
"11440555","아현동","dong","100","3","3","66.7","2","3","0","0","3","100","2","2","50","1","2","50","1","2","83.3","5","6","50","3","6","50","3","6"
"11440565","공덕동","dong","100","1","1","100","1","1","100","1","1","100","1","1","0","0","1","0","0","1","71.4","5","7","57.1","4","7","42.9","3","7"
"11440585","도화동","dong","100","1","1","0","0","1","0","0","1","100","1","1","100","1","1","100","1","1","100","4","4","100","4","4","100","4","4"
"11440590","용강동","dong","0","0","0","0","0","0","0","0","0","66.7","2","3","33.3","1","3","33.3","1","3","85.7","6","7","85.7","6","7","85.7","6","7"
"11440600","대흥동","dong","100","4","4","75","3","4","75","3","4","80","4","5","60","3","5","40","2","5","81.8","9","11","54.5","6","11","45.5","5","11"
"11440610","염리동","dong","0","0","0","0","0","0","0","0","0","0","0","0","0","0","0","0","0","0","0","0","0","0","0","0","0","0","0"
"11440630","신수동","dong","50","1","2","0","0","2","0","0","2","75","3","4","50","2","4","25","1","4","80","4","5","40","2","5","40","2","5"
"11440655","서강동","dong","66.7","4","6","66.7","4","6","50","3","6","100","5","5","40","2","5","20","1","5","80","8","10","40","4","10","20","2","10"
"11440660","서교동","dong","85.7","6","7","28.6","2","7","14.3","1","7","81.3","13","16","43.8","7","16","18.8","3","16","83.3","15","18","61.1","11","18","55.6","10","18"
"11440680","합정동","dong","60","3","5","60","3","5","40","2","5","60","3","5","40","2","5","40","2","5","100","3","3","33.3","1","3","0","0","3"
"11440690","망원1동","dong","100","1","1","100","1","1","100","1","1","75","3","4","25","1","4","25","1","4","100","4","4","50","2","4","50","2","4"
"11440700","망원2동","dong","100","2","2","50","1","2","50","1","2","80","4","5","60","3","5","20","1","5","75","3","4","50","2","4","25","1","4"
"11440710","연남동","dong","85.7","6","7","57.1","4","7","57.1","4","7","100","1","1","0","0","1","0","0","1","85.7","6","7","57.1","4","7","57.1","4","7"
"11440720","성산1동","dong","100","1","1","100","1","1","0","0","1","100","3","3","100","3","3","33.3","1","3","100","2","2","50","1","2","0","0","2"
"11440730","성산2동","dong","100","1","1","0","0","1","0","0","1","100","4","4","75","3","4","25","1","4","66.7","2","3","66.7","2","3","33.3","1","3"
"11440740","상암동","dong","100","6","6","83.3","5","6","50","3","6","60","6","10","40","4","10","30","3","10","84.6","11","13","61.5","8","13","46.2","6","13"
"11470","양천구","gu","77.8","35","45","48.9","22","45","33.3","15","45","74.5","38","51","45.1","23","51","39.2","20","51","89.8","44","49","59.2","29","49","36.7","18","49"
"11470510","목1동","dong","100","6","6","100","6","6","66.7","4","6","83.3","5","6","33.3","2","6","33.3","2","6","100","3","3","66.7","2","3","0","0","3"
"11470520","목2동","dong","100","1","1","100","1","1","100","1","1","80","4","5","60","3","5","60","3","5","100","1","1","100","1","1","0","0","1"
"11470530","목3동","dong","0","0","0","0","0","0","0","0","0","100","4","4","75","3","4","75","3","4","100","1","1","100","1","1","100","1","1"
"11470540","목4동","dong","100","2","2","0","0","2","0","0","2","0","0","2","0","0","2","0","0","2","100","3","3","100","3","3","100","3","3"
"11470550","목5동","dong","50","1","2","0","0","2","0","0","2","100","3","3","100","3","3","66.7","2","3","75","3","4","50","2","4","50","2","4"
"11470560","신월1동","dong","66.7","2","3","33.3","1","3","33.3","1","3","100","3","3","66.7","2","3","66.7","2","3","100","1","1","100","1","1","0","0","1"
"11470570","신월2동","dong","50","1","2","50","1","2","50","1","2","100","1","1","0","0","1","0","0","1","0","0","0","0","0","0","0","0","0"
"11470580","신월3동","dong","100","1","1","100","1","1","100","1","1","100","1","1","100","1","1","100","1","1","0","0","0","0","0","0","0","0","0"
"11470590","신월4동","dong","50","2","4","0","0","4","0","0","4","60","3","5","60","3","5","60","3","5","100","6","6","33.3","2","6","16.7","1","6"
"11470600","신월5동","dong","100","3","3","66.7","2","3","33.3","1","3","25","1","4","25","1","4","25","1","4","66.7","4","6","50","3","6","0","0","6"
"11470610","신월6동","dong","100","1","1","100","1","1","0","0","1","100","1","1","100","1","1","0","0","1","0","0","0","0","0","0","0","0","0"
"11470611","신월7동","dong","0","0","1","0","0","1","0","0","1","50","1","2","0","0","2","0","0","2","100","3","3","100","3","3","66.7","2","3"
"11470620","신정1동","dong","50","1","2","0","0","2","0","0","2","0","0","0","0","0","0","0","0","0","50","2","4","25","1","4","25","1","4"
"11470630","신정2동","dong","0","0","0","0","0","0","0","0","0","100","2","2","50","1","2","50","1","2","100","1","1","100","1","1","100","1","1"
"11470640","신정3동","dong","80","4","5","60","3","5","60","3","5","0","0","1","0","0","1","0","0","1","100","2","2","100","2","2","50","1","2"
"11470650","신정4동","dong","77.8","7","9","33.3","3","9","11.1","1","9","80","4","5","40","2","5","20","1","5","100","10","10","60","6","10","50","5","10"
"11470670","신정6동","dong","100","1","1","100","1","1","0","0","1","50","1","2","0","0","2","0","0","2","100","2","2","0","0","2","0","0","2"
"11470680","신정7동","dong","100","2","2","100","2","2","100","2","2","100","4","4","25","1","4","25","1","4","100","2","2","50","1","2","50","1","2"
"11500","강서구","gu","83.1","49","59","61","36","59","40.7","24","59","78.7","48","61","55.7","34","61","34.4","21","61","89.7","78","87","65.5","57","87","41.4","36","87"
"11500510","염창동","dong","100","3","3","100","3","3","100","3","3","100","2","2","50","1","2","50","1","2","75","3","4","25","1","4","0","0","4"
"11500520","등촌1동","dong","100","3","3","33.3","1","3","33.3","1","3","100","3","3","66.7","2","3","0","0","3","100","4","4","100","4","4","0","0","4"
"11500530","등촌2동","dong","100","1","1","100","1","1","100","1","1","100","1","1","100","1","1","0","0","1","100","1","1","100","1","1","100","1","1"
"11500535","등촌3동","dong","66.7","2","3","66.7","2","3","33.3","1","3","33.3","1","3","33.3","1","3","33.3","1","3","100","4","4","25","1","4","25","1","4"
"11500540","화곡1동","dong","75","6","8","75","6","8","50","4","8","85.7","6","7","85.7","6","7","71.4","5","7","87.5","7","8","75","6","8","75","6","8"
"11500550","화곡2동","dong","100","2","2","50","1","2","0","0","2","100","2","2","50","1","2","50","1","2","100","4","4","75","3","4","75","3","4"
"11500560","화곡3동","dong","75","3","4","25","1","4","25","1","4","25","1","4","25","1","4","0","0","4","50","2","4","50","2","4","50","2","4"
"11500570","화곡4동","dong","100","2","2","100","2","2","100","2","2","100","3","3","100","3","3","66.7","2","3","100","3","3","100","3","3","66.7","2","3"
"11500590","화곡본동","dong","80","4","5","80","4","5","40","2","5","100","2","2","50","1","2","50","1","2","100","2","2","100","2","2","100","2","2"
"11500591","화곡6동","dong","100","2","2","50","1","2","0","0","2","100","3","3","100","3","3","100","3","3","100","5","5","100","5","5","100","5","5"
"11500593","화곡8동","dong","100","2","2","50","1","2","50","1","2","0","0","1","0","0","1","0","0","1","100","3","3","100","3","3","66.7","2","3"
"11500603","가양1동","dong","66.7","2","3","33.3","1","3","0","0","3","50","3","6","16.7","1","6","0","0","6","76.9","10","13","46.2","6","13","23.1","3","13"
"11500604","가양2동","dong","0","0","0","0","0","0","0","0","0","0","0","0","0","0","0","0","0","0","100","1","1","100","1","1","0","0","1"
"11500605","가양3동","dong","0","0","0","0","0","0","0","0","0","0","0","0","0","0","0","0","0","0","0","0","0","0","0","0","0","0","0"
"11500611","발산1동","dong","100","3","3","100","3","3","66.7","2","3","100","5","5","40","2","5","40","2","5","100","3","3","33.3","1","3","0","0","3"
"11500615","우장산동","dong","100","3","3","66.7","2","3","0","0","3","50","1","2","50","1","2","50","1","2","80","4","5","60","3","5","40","2","5"
"11500620","공항동","dong","50","3","6","50","3","6","50","3","6","100","5","5","80","4","5","20","1","5","85.7","6","7","85.7","6","7","28.6","2","7"
"11500630","방화1동","dong","100","3","3","33.3","1","3","33.3","1","3","77.8","7","9","55.6","5","9","33.3","3","9","100","9","9","55.6","5","9","22.2","2","9"
"11500640","방화2동","dong","75","3","4","50","2","4","50","2","4","100","2","2","50","1","2","0","0","2","100","2","2","50","1","2","0","0","2"
"11500641","방화3동","dong","100","2","2","50","1","2","0","0","2","100","1","1","0","0","1","0","0","1","100","5","5","60","3","5","60","3","5"
"11530","구로구","gu","73.7","28","38","55.3","21","38","44.7","17","38","80","36","45","46.7","21","45","35.6","16","45","79.4","50","63","42.9","27","63","31.7","20","63"
"11530510","신도림동","dong","100","1","1","100","1","1","100","1","1","66.7","2","3","33.3","1","3","33.3","1","3","50","1","2","0","0","2","0","0","2"
"11530520","구로1동","dong","0","0","0","0","0","0","0","0","0","100","2","2","0","0","2","0","0","2","100","2","2","100","2","2","100","2","2"
"11530530","구로2동","dong","0","0","1","0","0","1","0","0","1","70","7","10","60","6","10","50","5","10","100","8","8","87.5","7","8","62.5","5","8"
"11530540","구로3동","dong","71.4","5","7","28.6","2","7","28.6","2","7","72.7","8","11","36.4","4","11","27.3","3","11","71.4","10","14","42.9","6","14","35.7","5","14"
"11530550","구로4동","dong","0","0","0","0","0","0","0","0","0","100","2","2","50","1","2","50","1","2","100","3","3","33.3","1","3","33.3","1","3"
"11530560","구로5동","dong","50","4","8","50","4","8","37.5","3","8","100","1","1","0","0","1","0","0","1","71.4","5","7","28.6","2","7","14.3","1","7"
"11530595","가리봉동","dong","100","2","2","100","2","2","100","2","2","0","0","0","0","0","0","0","0","0","60","3","5","40","2","5","40","2","5"
"11530720","고척1동","dong","50","1","2","50","1","2","50","1","2","50","1","2","0","0","2","0","0","2","100","3","3","0","0","3","0","0","3"
"11530730","고척2동","dong","0","0","1","0","0","1","0","0","1","100","3","3","66.7","2","3","66.7","2","3","0","0","1","0","0","1","0","0","1"
"11530740","개봉1동","dong","100","2","2","100","2","2","100","2","2","100","1","1","0","0","1","0","0","1","75","3","4","50","2","4","25","1","4"
"11530750","개봉2동","dong","100","1","1","0","0","1","0","0","1","0","0","0","0","0","0","0","0","0","0","0","0","0","0","0","0","0","0"
"11530760","개봉3동","dong","0","0","1","0","0","1","0","0","1","66.7","2","3","66.7","2","3","66.7","2","3","100","1","1","100","1","1","0","0","1"
"11530770","오류1동","dong","100","3","3","66.7","2","3","33.3","1","3","0","0","0","0","0","0","0","0","0","50","2","4","0","0","4","0","0","4"
"11530780","오류2동","dong","100","7","7","71.4","5","7","71.4","5","7","100","3","3","66.7","2","3","0","0","3","100","5","5","40","2","5","20","1","5"
"11530790","수궁동","dong","100","2","2","100","2","2","0","0","2","100","4","4","75","3","4","50","2","4","100","4","4","50","2","4","50","2","4"
"11545","금천구","gu","86.2","25","29","62.1","18","29","34.5","10","29","76.5","26","34","58.8","20","34","41.2","14","34","82.9","34","41","73.2","30","41","63.4","26","41"
"11545510","가산동","dong","80","8","10","50","5","10","20","2","10","100","10","10","70","7","10","40","4","10","100","10","10","90","9","10","90","9","10"
"11545610","독산1동","dong","75","3","4","50","2","4","50","2","4","100","4","4","75","3","4","50","2","4","80","4","5","80","4","5","80","4","5"
"11545620","독산2동","dong","100","2","2","50","1","2","0","0","2","100","2","2","100","2","2","50","1","2","0","0","0","0","0","0","0","0","0"
"11545630","독산3동","dong","100","3","3","100","3","3","100","3","3","50","3","6","50","3","6","50","3","6","50","2","4","25","1","4","25","1","4"
"11545640","독산4동","dong","100","2","2","50","1","2","0","0","2","0","0","0","0","0","0","0","0","0","66.7","2","3","66.7","2","3","33.3","1","3"
"11545670","시흥1동","dong","100","2","2","50","1","2","50","1","2","50","3","6","33.3","2","6","33.3","2","6","75","9","12","75","9","12","58.3","7","12"
"11545680","시흥2동","dong","100","1","1","100","1","1","0","0","1","0","0","0","0","0","0","0","0","0","100","1","1","100","1","1","100","1","1"
"11545690","시흥3동","dong","100","2","2","100","2","2","50","1","2","0","0","0","0","0","0","0","0","0","100","2","2","100","2","2","50","1","2"
"11545700","시흥4동","dong","100","1","1","100","1","1","0","0","1","66.7","2","3","66.7","2","3","33.3","1","3","100","1","1","0","0","1","0","0","1"
"11545710","시흥5동","dong","50","1","2","50","1","2","50","1","2","66.7","2","3","33.3","1","3","33.3","1","3","100","3","3","66.7","2","3","66.7","2","3"
"11560","영등포구","gu","85","51","60","46.7","28","60","30","18","60","79.6","43","54","53.7","29","54","42.6","23","54","82.1","87","106","53.8","57","106","33","35","106"
"11560515","영등포본동","dong","100","2","2","50","1","2","50","1","2","0","0","0","0","0","0","0","0","0","100","5","5","60","3","5","20","1","5"
"11560535","영등포동","dong","80","4","5","20","1","5","20","1","5","100","8","8","75","6","8","50","4","8","73.3","11","15","60","9","15","33.3","5","15"
"11560540","여의동","dong","100","8","8","75","6","8","50","4","8","83.3","5","6","33.3","2","6","16.7","1","6","81","17","21","61.9","13","21","33.3","7","21"
"11560550","당산1동","dong","66.7","4","6","16.7","1","6","0","0","6","80","4","5","80","4","5","80","4","5","100","7","7","57.1","4","7","57.1","4","7"
"11560560","당산2동","dong","85.7","6","7","57.1","4","7","42.9","3","7","100","7","7","42.9","3","7","42.9","3","7","81.8","9","11","63.6","7","11","54.5","6","11"
"11560585","도림동","dong","100","1","1","100","1","1","0","0","1","0","0","0","0","0","0","0","0","0","100","1","1","100","1","1","100","1","1"
"11560605","문래동","dong","100","4","4","100","4","4","75","3","4","66.7","2","3","66.7","2","3","66.7","2","3","57.1","4","7","57.1","4","7","28.6","2","7"
"11560610","양평1동","dong","75","3","4","25","1","4","0","0","4","33.3","1","3","33.3","1","3","33.3","1","3","100","5","5","40","2","5","0","0","5"
"11560620","양평2동","dong","100","3","3","66.7","2","3","33.3","1","3","77.8","7","9","55.6","5","9","22.2","2","9","62.5","5","8","50","4","8","25","2","8"
"11560630","신길1동","dong","100","2","2","0","0","2","0","0","2","0","0","0","0","0","0","0","0","0","100","5","5","20","1","5","0","0","5"
"11560650","신길3동","dong","100","2","2","100","2","2","0","0","2","100","2","2","100","2","2","100","2","2","100","1","1","0","0","1","0","0","1"
"11560660","신길4동","dong","0","0","0","0","0","0","0","0","0","0","0","0","0","0","0","0","0","0","100","4","4","75","3","4","75","3","4"
"11560670","신길5동","dong","33.3","1","3","0","0","3","0","0","3","0","0","0","0","0","0","0","0","0","0","0","0","0","0","0","0","0","0"
"11560680","신길6동","dong","100","1","1","100","1","1","100","1","1","0","0","0","0","0","0","0","0","0","0","0","1","0","0","1","0","0","1"
"11560690","신길7동","dong","50","2","4","0","0","4","0","0","4","66.7","2","3","66.7","2","3","66.7","2","3","66.7","2","3","0","0","3","0","0","3"
"11560700","대림1동","dong","100","2","2","0","0","2","0","0","2","50","1","2","0","0","2","0","0","2","87.5","7","8","37.5","3","8","25","2","8"
"11560710","대림2동","dong","100","3","3","33.3","1","3","33.3","1","3","66.7","2","3","33.3","1","3","33.3","1","3","100","2","2","100","2","2","100","2","2"
"11560720","대림3동","dong","100","3","3","100","3","3","100","3","3","66.7","2","3","33.3","1","3","33.3","1","3","100","2","2","50","1","2","0","0","2"
"11590","동작구","gu","79.5","35","44","47.7","21","44","36.4","16","44","91.9","34","37","64.9","24","37","51.4","19","37","84.4","54","64","54.7","35","64","43.8","28","64"
"11590510","노량진1동","dong","66.7","2","3","66.7","2","3","66.7","2","3","100","3","3","66.7","2","3","0","0","3","100","7","7","85.7","6","7","57.1","4","7"
"11590520","노량진2동","dong","100","2","2","100","2","2","50","1","2","100","3","3","33.3","1","3","33.3","1","3","100","2","2","50","1","2","50","1","2"
"11590530","상도1동","dong","66.7","4","6","33.3","2","6","33.3","2","6","100","5","5","40","2","5","40","2","5","80","4","5","40","2","5","40","2","5"
"11590540","상도2동","dong","100","2","2","100","2","2","100","2","2","75","3","4","75","3","4","50","2","4","87.5","7","8","37.5","3","8","37.5","3","8"
"11590550","상도3동","dong","66.7","2","3","33.3","1","3","33.3","1","3","0","0","0","0","0","0","0","0","0","0","0","1","0","0","1","0","0","1"
"11590560","상도4동","dong","50","1","2","0","0","2","0","0","2","75","3","4","50","2","4","50","2","4","100","3","3","66.7","2","3","66.7","2","3"
"11590605","흑석동","dong","80","4","5","40","2","5","40","2","5","0","0","0","0","0","0","0","0","0","50","3","6","33.3","2","6","16.7","1","6"
"11590620","사당1동","dong","60","3","5","40","2","5","20","1","5","100","3","3","100","3","3","100","3","3","83.3","5","6","50","3","6","50","3","6"
"11590630","사당2동","dong","80","4","5","40","2","5","20","1","5","100","3","3","66.7","2","3","66.7","2","3","100","5","5","80","4","5","40","2","5"
"11590640","사당3동","dong","100","1","1","0","0","1","0","0","1","0","0","0","0","0","0","0","0","0","100","5","5","60","3","5","60","3","5"
"11590650","사당4동","dong","0","0","0","0","0","0","0","0","0","100","2","2","50","1","2","50","1","2","66.7","2","3","66.7","2","3","66.7","2","3"
"11590651","사당5동","dong","100","1","1","100","1","1","100","1","1","100","1","1","100","1","1","100","1","1","0","0","0","0","0","0","0","0","0"
"11590660","대방동","dong","100","2","2","50","1","2","50","1","2","100","5","5","100","5","5","80","4","5","83.3","5","6","50","3","6","33.3","2","6"
"11590670","신대방1동","dong","100","1","1","100","1","1","100","1","1","50","1","2","50","1","2","0","0","2","100","2","2","100","2","2","100","2","2"
"11590680","신대방2동","dong","100","6","6","50","3","6","16.7","1","6","100","2","2","50","1","2","50","1","2","80","4","5","40","2","5","20","1","5"
"11620","관악구","gu","85.7","42","49","63.3","31","49","36.7","18","49","92.2","47","51","68.6","35","51","47.1","24","51","89.5","77","86","69.8","60","86","51.2","44","86"
"11620525","보라매동","dong","100","2","2","100","2","2","50","1","2","75","3","4","50","2","4","50","2","4","0","0","0","0","0","0","0","0","0"
"11620545","청림동","dong","0","0","0","0","0","0","0","0","0","100","2","2","100","2","2","100","2","2","100","1","1","100","1","1","100","1","1"
"11620565","성현동","dong","100","1","1","100","1","1","100","1","1","100","2","2","100","2","2","100","2","2","100","2","2","100","2","2","0","0","2"
"11620575","행운동","dong","80","4","5","80","4","5","40","2","5","66.7","2","3","66.7","2","3","33.3","1","3","75","3","4","50","2","4","25","1","4"
"11620585","낙성대동","dong","100","2","2","50","1","2","0","0","2","0","0","0","0","0","0","0","0","0","100","5","5","80","4","5","60","3","5"
"11620595","청룡동","dong","100","3","3","66.7","2","3","66.7","2","3","85.7","6","7","85.7","6","7","42.9","3","7","100","5","5","100","5","5","80","4","5"
"11620605","은천동","dong","100","4","4","75","3","4","50","2","4","100","3","3","100","3","3","100","3","3","60","3","5","60","3","5","60","3","5"
"11620615","중앙동","dong","0","0","0","0","0","0","0","0","0","100","1","1","100","1","1","100","1","1","100","1","1","0","0","1","0","0","1"
"11620625","인헌동","dong","80","4","5","60","3","5","40","2","5","66.7","2","3","33.3","1","3","0","0","3","100","5","5","60","3","5","20","1","5"
"11620630","남현동","dong","100","1","1","0","0","1","0","0","1","100","1","1","0","0","1","0","0","1","90","9","10","60","6","10","50","5","10"
"11620645","서원동","dong","80","4","5","60","3","5","40","2","5","100","5","5","80","4","5","20","1","5","100","3","3","100","3","3","100","3","3"
"11620655","신원동","dong","100","1","1","100","1","1","100","1","1","100","1","1","100","1","1","100","1","1","0","0","1","0","0","1","0","0","1"
"11620665","서림동","dong","100","1","1","100","1","1","0","0","1","100","4","4","100","4","4","50","2","4","100","4","4","75","3","4","50","2","4"
"11620685","신사동","dong","100","4","4","75","3","4","75","3","4","100","2","2","100","2","2","50","1","2","80","4","5","80","4","5","60","3","5"
"11620695","신림동","dong","0","0","1","0","0","1","0","0","1","100","4","4","25","1","4","25","1","4","100","9","9","66.7","6","9","55.6","5","9"
"11620715","난향동","dong","100","1","1","100","1","1","0","0","1","0","0","0","0","0","0","0","0","0","0","0","0","0","0","0","0","0","0"
"11620725","조원동","dong","0","0","1","0","0","1","0","0","1","100","4","4","25","1","4","25","1","4","100","3","3","100","3","3","100","3","3"
"11620735","대학동","dong","75","3","4","50","2","4","25","1","4","100","3","3","66.7","2","3","66.7","2","3","90.9","10","11","72.7","8","11","36.4","4","11"
"11620745","삼성동","dong","0","0","0","0","0","0","0","0","0","0","0","0","0","0","0","0","0","0","100","2","2","50","1","2","50","1","2"
"11620765","미성동","dong","83.3","5","6","50","3","6","16.7","1","6","100","1","1","0","0","1","0","0","1","80","4","5","80","4","5","60","3","5"
"11620775","난곡동","dong","100","2","2","50","1","2","0","0","2","100","1","1","100","1","1","100","1","1","80","4","5","40","2","5","40","2","5"
"11650","서초구","gu","84.5","60","71","53.5","38","71","38","27","71","76.3","45","59","50.8","30","59","35.6","21","59","81.3","87","107","59.8","64","107","37.4","40","107"
"11650510","서초1동","dong","100","4","4","50","2","4","50","2","4","100","3","3","66.7","2","3","66.7","2","3","66.7","2","3","66.7","2","3","66.7","2","3"
"11650520","서초2동","dong","80","4","5","20","1","5","20","1","5","66.7","4","6","50","3","6","50","3","6","60","6","10","40","4","10","40","4","10"
"11650530","서초3동","dong","91.7","11","12","75","9","12","50","6","12","50","2","4","25","1","4","25","1","4","85.7","12","14","50","7","14","35.7","5","14"
"11650531","서초4동","dong","66.7","4","6","33.3","2","6","33.3","2","6","100","4","4","75","3","4","75","3","4","83.3","5","6","33.3","2","6","16.7","1","6"
"11650540","잠원동","dong","50","1","2","50","1","2","50","1","2","50","2","4","25","1","4","25","1","4","100","8","8","62.5","5","8","12.5","1","8"
"11650550","반포본동","dong","100","1","1","100","1","1","100","1","1","0","0","0","0","0","0","0","0","0","100","1","1","100","1","1","0","0","1"
"11650560","반포1동","dong","100","3","3","33.3","1","3","0","0","3","100","1","1","100","1","1","0","0","1","100","5","5","100","5","5","80","4","5"
"11650570","반포2동","dong","0","0","0","0","0","0","0","0","0","100","2","2","50","1","2","0","0","2","100","3","3","100","3","3","33.3","1","3"
"11650580","반포3동","dong","0","0","0","0","0","0","0","0","0","0","0","0","0","0","0","0","0","0","0","0","0","0","0","0","0","0","0"
"11650581","반포4동","dong","85.7","6","7","57.1","4","7","42.9","3","7","100","9","9","77.8","7","9","55.6","5","9","100","8","8","87.5","7","8","37.5","3","8"
"11650590","방배본동","dong","100","5","5","60","3","5","40","2","5","50","2","4","0","0","4","0","0","4","100","3","3","66.7","2","3","33.3","1","3"
"11650600","방배1동","dong","0","0","0","0","0","0","0","0","0","0","0","0","0","0","0","0","0","0","66.7","2","3","66.7","2","3","66.7","2","3"
"11650610","방배2동","dong","100","2","2","50","1","2","50","1","2","100","3","3","66.7","2","3","33.3","1","3","88.9","8","9","66.7","6","9","44.4","4","9"
"11650620","방배3동","dong","0","0","0","0","0","0","0","0","0","0","0","0","0","0","0","0","0","0","50","1","2","50","1","2","50","1","2"
"11650621","방배4동","dong","33.3","1","3","33.3","1","3","33.3","1","3","66.7","2","3","0","0","3","0","0","3","50","2","4","50","2","4","25","1","4"
"11650651","양재1동","dong","80","8","10","60","6","10","30","3","10","60","6","10","50","5","10","20","2","10","71.4","10","14","50","7","14","35.7","5","14"
"11650652","양재2동","dong","90.9","10","11","54.5","6","11","36.4","4","11","75","3","4","75","3","4","75","3","4","75","9","12","58.3","7","12","33.3","4","12"
"11650660","내곡동","dong","0","0","0","0","0","0","0","0","0","100","2","2","50","1","2","0","0","2","100","2","2","50","1","2","50","1","2"
"11680","강남구","gu","75.6","96","127","48.8","62","127","26","33","127","71.1","86","121","50.4","61","121","30.6","37","121","83.4","151","181","53","96","181","36.5","66","181"
"11680510","신사동","dong","83.3","5","6","33.3","2","6","16.7","1","6","100","8","8","87.5","7","8","37.5","3","8","100","6","6","33.3","2","6","33.3","2","6"
"11680521","논현1동","dong","60","3","5","60","3","5","40","2","5","63.6","7","11","27.3","3","11","18.2","2","11","71.4","10","14","50","7","14","42.9","6","14"
"11680531","논현2동","dong","76.9","10","13","38.5","5","13","15.4","2","13","66.7","2","3","33.3","1","3","0","0","3","75","12","16","50","8","16","25","4","16"
"11680545","압구정동","dong","77.8","7","9","55.6","5","9","33.3","3","9","57.1","4","7","28.6","2","7","28.6","2","7","93.8","15","16","56.3","9","16","25","4","16"
"11680565","청담동","dong","77.8","7","9","33.3","3","9","22.2","2","9","73.3","11","15","66.7","10","15","46.7","7","15","80","12","15","60","9","15","46.7","7","15"
"11680580","삼성1동","dong","63.6","7","11","45.5","5","11","36.4","4","11","50","2","4","50","2","4","50","2","4","92.3","12","13","69.2","9","13","53.8","7","13"
"11680590","삼성2동","dong","70","7","10","70","7","10","30","3","10","25","2","8","25","2","8","25","2","8","75","6","8","50","4","8","25","2","8"
"11680600","대치1동","dong","100","4","4","75","3","4","50","2","4","0","0","0","0","0","0","0","0","0","50","1","2","0","0","2","0","0","2"
"11680610","대치2동","dong","80","4","5","20","1","5","0","0","5","87.5","7","8","62.5","5","8","50","4","8","100","8","8","50","4","8","37.5","3","8"
"11680630","대치4동","dong","100","2","2","50","1","2","50","1","2","83.3","5","6","66.7","4","6","33.3","2","6","81.8","9","11","54.5","6","11","45.5","5","11"
"11680640","역삼1동","dong","73.3","11","15","60","9","15","20","3","15","75","18","24","45.8","11","24","33.3","8","24","78.9","30","38","52.6","20","38","34.2","13","38"
"11680650","역삼2동","dong","57.1","4","7","42.9","3","7","28.6","2","7","55.6","5","9","33.3","3","9","0","0","9","80","8","10","40","4","10","40","4","10"
"11680655","도곡1동","dong","83.3","5","6","33.3","2","6","0","0","6","75","3","4","75","3","4","50","2","4","50","2","4","50","2","4","25","1","4"
"11680656","도곡2동","dong","85.7","6","7","28.6","2","7","28.6","2","7","0","0","0","0","0","0","0","0","0","100","5","5","60","3","5","60","3","5"
"11680660","개포1동","dong","100","1","1","100","1","1","100","1","1","0","0","0","0","0","0","0","0","0","0","0","0","0","0","0","0","0","0"
"11680670","개포2동","dong","100","2","2","0","0","2","0","0","2","0","0","1","0","0","1","0","0","1","100","3","3","100","3","3","33.3","1","3"
"11680690","개포4동","dong","75","3","4","75","3","4","25","1","4","100","2","2","100","2","2","100","2","2","100","4","4","50","2","4","25","1","4"
"11680700","세곡동","dong","75","3","4","75","3","4","50","2","4","85.7","6","7","42.9","3","7","14.3","1","7","100","4","4","50","2","4","25","1","4"
"11680720","일원본동","dong","0","0","0","0","0","0","0","0","0","100","1","1","100","1","1","0","0","1","100","2","2","50","1","2","50","1","2"
"11680730","일원1동","dong","0","0","1","0","0","1","0","0","1","100","2","2","50","1","2","0","0","2","0","0","0","0","0","0","0","0","0"
"11680740","일원2동","dong","100","2","2","100","2","2","50","1","2","100","1","1","100","1","1","0","0","1","100","2","2","50","1","2","50","1","2"
"11680750","수서동","dong","75","3","4","50","2","4","25","1","4","0","0","0","0","0","0","0","0","0","0","0","0","0","0","0","0","0","0"
"11710","송파구","gu","86.4","70","81","55.6","45","81","42","34","81","86.9","73","84","59.5","50","84","42.9","36","84","89.3","92","103","47.6","49","103","35.9","37","103"
"11710510","풍납1동","dong","100","1","1","100","1","1","100","1","1","50","1","2","50","1","2","50","1","2","50","1","2","0","0","2","0","0","2"
"11710520","풍납2동","dong","87.5","7","8","62.5","5","8","62.5","5","8","100","3","3","66.7","2","3","66.7","2","3","100","1","1","0","0","1","0","0","1"
"11710531","거여1동","dong","100","2","2","50","1","2","50","1","2","100","3","3","0","0","3","0","0","3","75","3","4","50","2","4","50","2","4"
"11710532","거여2동","dong","100","1","1","0","0","1","0","0","1","100","1","1","0","0","1","0","0","1","75","3","4","25","1","4","25","1","4"
"11710540","마천1동","dong","100","1","1","100","1","1","0","0","1","100","2","2","100","2","2","50","1","2","100","5","5","40","2","5","40","2","5"
"11710550","마천2동","dong","50","1","2","0","0","2","0","0","2","100","3","3","100","3","3","66.7","2","3","100","1","1","0","0","1","0","0","1"
"11710561","방이1동","dong","80","4","5","20","1","5","20","1","5","66.7","2","3","66.7","2","3","0","0","3","75","3","4","50","2","4","25","1","4"
"11710562","방이2동","dong","85.7","6","7","57.1","4","7","28.6","2","7","80","4","5","40","2","5","40","2","5","100","6","6","33.3","2","6","16.7","1","6"
"11710566","오륜동","dong","100","1","1","100","1","1","100","1","1","100","3","3","33.3","1","3","33.3","1","3","0","0","0","0","0","0","0","0","0"
"11710570","오금동","dong","100","3","3","100","3","3","100","3","3","66.7","2","3","66.7","2","3","33.3","1","3","100","4","4","100","4","4","25","1","4"
"11710580","송파1동","dong","100","4","4","75","3","4","50","2","4","100","1","1","0","0","1","0","0","1","85.7","6","7","57.1","4","7","42.9","3","7"
"11710590","송파2동","dong","100","3","3","100","3","3","33.3","1","3","83.3","5","6","66.7","4","6","66.7","4","6","100","2","2","0","0","2","0","0","2"
"11710600","석촌동","dong","66.7","4","6","33.3","2","6","33.3","2","6","70","7","10","30","3","10","10","1","10","85.7","6","7","14.3","1","7","14.3","1","7"
"11710610","삼전동","dong","75","6","8","50","4","8","25","2","8","100","2","2","100","2","2","100","2","2","66.7","2","3","66.7","2","3","33.3","1","3"
"11710620","가락본동","dong","100","4","4","75","3","4","75","3","4","80","4","5","60","3","5","20","1","5","100","11","11","54.5","6","11","45.5","5","11"
"11710631","가락1동","dong","0","0","0","0","0","0","0","0","0","0","0","0","0","0","0","0","0","0","0","0","0","0","0","0","0","0","0"
"11710632","가락2동","dong","0","0","0","0","0","0","0","0","0","80","4","5","80","4","5","40","2","5","100","5","5","80","4","5","80","4","5"
"11710641","문정1동","dong","100","2","2","50","1","2","50","1","2","100","2","2","100","2","2","100","2","2","66.7","2","3","33.3","1","3","0","0","3"
"11710642","문정2동","dong","85.7","6","7","71.4","5","7","42.9","3","7","100","2","2","50","1","2","50","1","2","100","3","3","66.7","2","3","66.7","2","3"
"11710646","장지동","dong","100","1","1","0","0","1","0","0","1","100","2","2","100","2","2","100","2","2","85.7","6","7","57.1","4","7","42.9","3","7"
"11710647","위례동","dong","100","1","1","0","0","1","0","0","1","0","0","0","0","0","0","0","0","0","0","0","1","0","0","1","0","0","1"
"11710650","잠실본동","dong","85.7","6","7","71.4","5","7","57.1","4","7","88.9","8","9","33.3","3","9","11.1","1","9","100","9","9","66.7","6","9","66.7","6","9"
"11710670","잠실2동","dong","50","1","2","0","0","2","0","0","2","100","1","1","100","1","1","100","1","1","66.7","2","3","0","0","3","0","0","3"
"11710680","잠실3동","dong","100","2","2","0","0","2","0","0","2","100","5","5","100","5","5","100","5","5","100","4","4","75","3","4","75","3","4"
"11710690","잠실4동","dong","100","1","1","0","0","1","0","0","1","100","1","1","100","1","1","100","1","1","100","1","1","100","1","1","0","0","1"
"11710710","잠실6동","dong","100","2","2","100","2","2","100","2","2","100","5","5","80","4","5","60","3","5","100","6","6","33.3","2","6","16.7","1","6"
"11710720","잠실7동","dong","0","0","0","0","0","0","0","0","0","0","0","0","0","0","0","0","0","0","0","0","0","0","0","0","0","0","0"
"11740","강동구","gu","87.5","49","56","55.4","31","56","32.1","18","56","72.9","43","59","45.8","27","59","28.8","17","59","86.3","69","80","60","48","80","41.3","33","80"
"11740515","강일동","dong","100","6","6","50","3","6","50","3","6","75","3","4","50","2","4","25","1","4","88.9","8","9","66.7","6","9","66.7","6","9"
"11740520","상일동","dong","100","1","1","0","0","1","0","0","1","0","0","0","0","0","0","0","0","0","66.7","2","3","66.7","2","3","66.7","2","3"
"11740530","명일1동","dong","100","4","4","50","2","4","25","1","4","66.7","2","3","33.3","1","3","33.3","1","3","83.3","5","6","50","3","6","33.3","2","6"
"11740540","명일2동","dong","100","1","1","100","1","1","100","1","1","50","3","6","33.3","2","6","16.7","1","6","100","2","2","100","2","2","0","0","2"
"11740550","고덕1동","dong","100","1","1","100","1","1","100","1","1","0","0","0","0","0","0","0","0","0","100","2","2","100","2","2","100","2","2"
"11740560","고덕2동","dong","0","0","0","0","0","0","0","0","0","100","1","1","0","0","1","0","0","1","100","1","1","100","1","1","100","1","1"
"11740570","암사1동","dong","100","1","1","100","1","1","0","0","1","100","3","3","100","3","3","33.3","1","3","75","3","4","75","3","4","50","2","4"
"11740580","암사2동","dong","100","2","2","100","2","2","100","2","2","0","0","0","0","0","0","0","0","0","100","1","1","100","1","1","100","1","1"
"11740590","암사3동","dong","100","1","1","100","1","1","0","0","1","0","0","1","0","0","1","0","0","1","0","0","1","0","0","1","0","0","1"
"11740600","천호1동","dong","0","0","1","0","0","1","0","0","1","75","3","4","50","2","4","50","2","4","100","6","6","50","3","6","33.3","2","6"
"11740610","천호2동","dong","100","8","8","62.5","5","8","37.5","3","8","83.3","5","6","33.3","2","6","33.3","2","6","83.3","5","6","50","3","6","0","0","6"
"11740620","천호3동","dong","66.7","2","3","33.3","1","3","33.3","1","3","66.7","2","3","33.3","1","3","33.3","1","3","100","3","3","66.7","2","3","33.3","1","3"
"11740640","성내1동","dong","100","4","4","75","3","4","50","2","4","66.7","4","6","16.7","1","6","0","0","6","60","3","5","40","2","5","40","2","5"
"11740650","성내2동","dong","75","3","4","50","2","4","50","2","4","60","3","5","20","1","5","20","1","5","66.7","4","6","33.3","2","6","16.7","1","6"
"11740660","성내3동","dong","83.3","5","6","83.3","5","6","33.3","2","6","83.3","5","6","66.7","4","6","66.7","4","6","100","6","6","66.7","4","6","50","3","6"
"11740685","길동","dong","76.9","10","13","30.8","4","13","0","0","13","75","6","8","62.5","5","8","25","2","8","92.9","13","14","71.4","10","14","42.9","6","14"
"11740690","둔촌1동","dong","0","0","0","0","0","0","0","0","0","0","0","0","0","0","0","0","0","0","0","0","0","0","0","0","0","0","0"
"11740700","둔촌2동","dong","0","0","0","0","0","0","0","0","0","100","3","3","100","3","3","33.3","1","3","100","5","5","40","2","5","40","2","5"
